{"cameraMode":{"drawMode":0,"name":"Shaded","section":"Shading Mode"},"sceneLighting":false,"audioPlay":false,"sceneViewState":{"showFog":true,"showMaterialUpdate":true,"showSkybox":false,"showFlares":true,"showImageEffects":true,"showParticleSystems":true},"in2DMode":false,"pivot":{"x":63.998870849609378,"y":19.91022300720215,"z":18.68994140625},"rotation":{"x":-0.32329943776130679,"y":0.03126176819205284,"z":0.9457509517669678,"w":0.010596966370940209},"size":172.2650604248047,"orthographic":false}