{"cameraMode":{"drawMode":0,"name":"Shaded","section":"Shading Mode"},"sceneLighting":false,"audioPlay":false,"sceneViewState":{"showFog":true,"showMaterialUpdate":true,"showSkybox":false,"showFlares":true,"showImageEffects":true,"showParticleSystems":true},"in2DMode":false,"pivot":{"x":0.0,"y":0.13790956139564515,"z":-0.0820513665676117},"rotation":{"x":0.13899123668670655,"y":0.15999694168567658,"z":-0.022769080474972726,"w":0.9770585894584656},"size":1.8450820446014405,"orthographic":false}