{"cameraMode":{"drawMode":0,"name":"Shaded","section":"Shading Mode"},"sceneLighting":false,"audioPlay":false,"sceneViewState":{"showFog":true,"showMaterialUpdate":true,"showSkybox":false,"showFlares":true,"showImageEffects":true,"showParticleSystems":true},"in2DMode":false,"pivot":{"x":0.9699970483779907,"y":-0.2143697738647461,"z":0.8306260108947754},"rotation":{"x":0.19273006916046143,"y":0.20323216915130616,"z":-0.04087682440876961,"w":0.9591320157051086},"size":5.715771675109863,"orthographic":false}