{"cameraMode":{"drawMode":0,"name":"Shaded","section":"Shading Mode"},"sceneLighting":true,"audioPlay":false,"sceneViewState":{"showFog":true,"showMaterialUpdate":true,"showSkybox":true,"showFlares":true,"showImageEffects":true,"showParticleSystems":true},"in2DMode":false,"pivot":{"x":-3.422840118408203,"y":74.62797546386719,"z":72.48274993896485},"rotation":{"x":0.12453135848045349,"y":0.15003806352615357,"z":-0.019041894003748895,"w":0.98066645860672},"size":120.10910034179688,"orthographic":false}