{"cameraMode":{"drawMode":0,"name":"Shaded","section":"Shading Mode"},"sceneLighting":false,"audioPlay":false,"sceneViewState":{"showFog":true,"showMaterialUpdate":true,"showSkybox":false,"showFlares":true,"showImageEffects":true,"showParticleSystems":true},"in2DMode":false,"pivot":{"x":361.55938720703127,"y":192.09722900390626,"z":51.717987060546878},"rotation":{"x":0.2637151777744293,"y":0.05525325983762741,"z":-0.015123995952308178,"w":0.9629444479942322},"size":602.8234252929688,"orthographic":false}