{"cameraMode":{"drawMode":0,"name":"Shaded","section":"Shading Mode"},"sceneLighting":false,"audioPlay":false,"sceneViewState":{"showFog":true,"showMaterialUpdate":true,"showSkybox":false,"showFlares":true,"showImageEffects":true,"showParticleSystems":true},"in2DMode":false,"pivot":{"x":1.1920928955078126e-7,"y":0.0,"z":1.1920928955078126e-7},"rotation":{"x":0.37789106369018557,"y":-0.2293245643377304,"z":0.09713131934404373,"w":0.8917582035064697},"size":1.980441689491272,"orthographic":false}